textbox22,Textbox9
generated on 04/05/2020 21:24:21 UTC,Data from: All sites

Country,WHOREGION,FLUREGION,Year,Week,SDATE,EDATE,SPEC_RECEIVED_NB,SPEC_PROCESSED_NB,AH1,AH1N12009,AH3,AH5,ANOTSUBTYPED,INF_A,BYAMAGATA,BVICTORIA,BNOTDETERMINED,INF_B,ALL_INF,ALL_INF2,TITLE
Italy,European Region of WHO,South West Europe,2010,40,2010-10-04,2010-10-10,,,,,,,,,,,,,,,No Report
Italy,European Region of WHO,South West Europe,2010,41,2010-10-11,2010-10-17,,,,,,,,,,,,,,,No Report
Italy,European Region of WHO,South West Europe,2010,42,2010-10-18,2010-10-24,,,,,,,,,,,,,,,No Report
Italy,European Region of WHO,South West Europe,2010,43,2010-10-25,2010-10-31,,,,,,,,,,,,,,,No Report
Italy,European Region of WHO,South West Europe,2010,44,2010-11-01,2010-11-07,,,,,,,,,,,,,,,No Report
Italy,European Region of WHO,South West Europe,2010,45,2010-11-08,2010-11-14,,,,,,,,,,,,,,,No Report
Italy,European Region of WHO,South West Europe,2010,46,2010-11-15,2010-11-21,21,21,0,0,0,0,0,0,0,0,0,0,0,,No Activity
Italy,European Region of WHO,South West Europe,2010,47,2010-11-22,2010-11-28,73,73,0,3,0,0,1,4,0,0,2,2,6,,Sporadic
Italy,European Region of WHO,South West Europe,2010,48,2010-11-29,2010-12-05,,75,0,3,0,0,0,3,0,1,1,2,5,,Sporadic
Italy,European Region of WHO,South West Europe,2010,49,2010-12-06,2010-12-12,,71,0,0,1,0,0,1,0,1,0,1,2,,Sporadic
Italy,European Region of WHO,South West Europe,2010,50,2010-12-13,2010-12-19,92,92,0,4,4,0,0,8,0,0,6,6,14,,Sporadic
Italy,European Region of WHO,South West Europe,2010,51,2010-12-20,2010-12-26,,73,0,8,0,,2,10,0,1,7,8,18,,No Report
Italy,European Region of WHO,South West Europe,2010,52,2010-12-27,2011-01-02,84,84,0,17,1,0,5,23,0,1,7,8,31,,Sporadic
Italy,European Region of WHO,South West Europe,2011,1,2011-01-03,2011-01-09,319,319,0,75,0,0,4,79,19,0,9,28,107,,Local Outbreak
Italy,European Region of WHO,South West Europe,2011,2,2011-01-10,2011-01-16,712,712,0,152,4,0,22,178,0,0,37,37,215,,Local Outbreak
Italy,European Region of WHO,South West Europe,2011,3,2011-01-17,2011-01-23,906,906,0,263,8,0,31,302,0,0,64,64,366,,Local Outbreak
Italy,European Region of WHO,South West Europe,2011,4,2011-01-24,2011-01-30,847,847,0,765,2,0,22,789,0,0,76,76,865,,Regional Outbreak
Italy,European Region of WHO,South West Europe,2011,5,2011-01-31,2011-02-06,803,803,0,204,8,0,28,240,0,0,91,91,331,,Regional Outbreak
Italy,European Region of WHO,South West Europe,2011,6,2011-02-07,2011-02-13,870,870,0,230,3,0,23,256,0,0,93,93,349,,Regional Outbreak
Italy,European Region of WHO,South West Europe,2011,7,2011-02-14,2011-02-20,654,654,0,103,6,0,28,137,0,0,90,90,227,,Local Outbreak
Italy,European Region of WHO,South West Europe,2011,8,2011-02-21,2011-02-27,582,582,0,81,4,0,8,93,0,0,42,42,135,,Local Outbreak
Italy,European Region of WHO,South West Europe,2011,9,2011-02-28,2011-03-06,426,426,0,56,5,0,4,65,0,0,20,20,85,,Local Outbreak
Italy,European Region of WHO,South West Europe,2011,10,2011-03-07,2011-03-13,369,369,0,42,1,0,5,48,0,0,18,18,66,,Local Outbreak
Italy,European Region of WHO,South West Europe,2011,11,2011-03-14,2011-03-20,244,244,0,4,0,0,6,10,0,0,7,7,17,,Sporadic
Italy,European Region of WHO,South West Europe,2011,12,2011-03-21,2011-03-27,163,163,0,4,0,0,2,6,0,0,2,2,8,,Sporadic
Italy,European Region of WHO,South West Europe,2011,13,2011-03-28,2011-04-03,163,163,0,2,0,0,0,2,0,0,1,1,3,,Sporadic
Italy,European Region of WHO,South West Europe,2011,14,2011-04-04,2011-04-10,101,101,0,2,1,0,2,5,0,0,0,0,5,,Sporadic
Italy,European Region of WHO,South West Europe,2011,15,2011-04-11,2011-04-17,,85,0,3,0,,0,3,0,0,2,2,5,,Regional Outbreak
Italy,European Region of WHO,South West Europe,2011,16,2011-04-18,2011-04-24,45,45,0,0,0,0,0,0,0,0,0,0,0,,No Activity
Italy,European Region of WHO,South West Europe,2011,17,2011-04-25,2011-05-01,15,15,0,0,0,0,0,0,0,0,0,0,0,,No Activity
Italy,European Region of WHO,South West Europe,2011,18,2011-05-02,2011-05-08,,,,,,,,,,,,,,,No Report
Italy,European Region of WHO,South West Europe,2011,19,2011-05-09,2011-05-15,,,,,,,,,,,,,,,No Report
Italy,European Region of WHO,South West Europe,2011,20,2011-05-16,2011-05-22,,,,,,,,,,,,,,,No Report
Italy,European Region of WHO,South West Europe,2011,21,2011-05-23,2011-05-29,,,,,,,,,,,,,,,No Report
Italy,European Region of WHO,South West Europe,2011,22,2011-05-30,2011-06-05,,,,,,,,,,,,,,,No Report
Italy,European Region of WHO,South West Europe,2011,23,2011-06-06,2011-06-12,,,,,,,,,,,,,,,No Report
Italy,European Region of WHO,South West Europe,2011,24,2011-06-13,2011-06-19,,,,,,,,,,,,,,,No Report
Italy,European Region of WHO,South West Europe,2011,25,2011-06-20,2011-06-26,,,,,,,,,,,,,,,No Report
Italy,European Region of WHO,South West Europe,2011,26,2011-06-27,2011-07-03,,,,,,,,,,,,,,,No Report
Italy,European Region of WHO,South West Europe,2011,27,2011-07-04,2011-07-10,,,,,,,,,,,,,,,No Report
Italy,European Region of WHO,South West Europe,2011,28,2011-07-11,2011-07-17,,,,,,,,,,,,,,,No Report
Italy,European Region of WHO,South West Europe,2011,29,2011-07-18,2011-07-24,,,,,,,,,,,,,,,No Report
Italy,European Region of WHO,South West Europe,2011,30,2011-07-25,2011-07-31,,,,,,,,,,,,,,,No Report
Italy,European Region of WHO,South West Europe,2011,31,2011-08-01,2011-08-07,,,,,,,,,,,,,,,No Report
Italy,European Region of WHO,South West Europe,2011,32,2011-08-08,2011-08-14,,,,,,,,,,,,,,,No Report
Italy,European Region of WHO,South West Europe,2011,33,2011-08-15,2011-08-21,,,,,,,,,,,,,,,No Report
Italy,European Region of WHO,South West Europe,2011,34,2011-08-22,2011-08-28,,,,,,,,,,,,,,,No Report
Italy,European Region of WHO,South West Europe,2011,35,2011-08-29,2011-09-04,,,,,,,,,,,,,,,No Report
Italy,European Region of WHO,South West Europe,2011,36,2011-09-05,2011-09-11,,,,,,,,,,,,,,,No Report
Italy,European Region of WHO,South West Europe,2011,37,2011-09-12,2011-09-18,,,,,,,,,,,,,,,No Report
Italy,European Region of WHO,South West Europe,2011,38,2011-09-19,2011-09-25,,,,,,,,,,,,,,,No Report
Italy,European Region of WHO,South West Europe,2011,39,2011-09-26,2011-10-02,,,,,,,,,,,,,,,No Report
Italy,European Region of WHO,South West Europe,2011,40,2011-10-03,2011-10-09,,,,,,,,,,,,,,,No Report
Italy,European Region of WHO,South West Europe,2011,41,2011-10-10,2011-10-16,,,,,,,,,,,,,,,No Report
Italy,European Region of WHO,South West Europe,2011,42,2011-10-17,2011-10-23,,,,,,,,,,,,,,,No Report
Italy,European Region of WHO,South West Europe,2011,43,2011-10-24,2011-10-30,,,,,,,,,,,,,,,No Report
Italy,European Region of WHO,South West Europe,2011,44,2011-10-31,2011-11-06,,,,,,,,,,,,,,,No Report
Italy,European Region of WHO,South West Europe,2011,45,2011-11-07,2011-11-13,,,,,,,,,,,,,,,No Report
Italy,European Region of WHO,South West Europe,2011,46,2011-11-14,2011-11-20,41,41,0,0,1,0,0,1,0,0,0,0,1,,Sporadic
Italy,European Region of WHO,South West Europe,2011,47,2011-11-21,2011-11-27,61,61,0,0,5,0,0,5,0,0,0,0,5,,Sporadic
Italy,European Region of WHO,South West Europe,2011,48,2011-11-28,2011-12-04,56,56,0,1,3,0,0,4,0,0,0,0,4,,Sporadic
Italy,European Region of WHO,South West Europe,2011,49,2011-12-05,2011-12-11,61,61,0,0,4,0,0,4,0,0,0,0,4,,Sporadic
Italy,European Region of WHO,South West Europe,2011,50,2011-12-12,2011-12-18,112,112,0,0,6,0,4,10,0,0,0,0,10,,Sporadic
Italy,European Region of WHO,South West Europe,2011,51,2011-12-19,2011-12-25,178,178,0,0,15,0,0,15,0,0,0,0,15,,Sporadic
Italy,European Region of WHO,South West Europe,2011,52,2011-12-26,2012-01-01,155,155,0,0,33,0,0,33,0,0,0,0,33,,Sporadic
Italy,European Region of WHO,South West Europe,2012,1,2012-01-02,2012-01-08,179,179,0,1,29,0,1,31,0,0,0,0,31,,Sporadic
Italy,European Region of WHO,South West Europe,2012,2,2012-01-09,2012-01-15,172,172,0,0,38,0,0,38,0,0,0,0,38,,Sporadic
Italy,European Region of WHO,South West Europe,2012,3,2012-01-16,2012-01-22,285,285,0,0,86,0,4,90,0,0,1,1,91,,Sporadic
Italy,European Region of WHO,South West Europe,2012,4,2012-01-23,2012-01-29,375,375,0,1,179,0,3,183,0,0,0,0,183,,Sporadic
Italy,European Region of WHO,South West Europe,2012,5,2012-01-30,2012-02-05,330,330,0,0,189,0,10,199,0,0,0,0,199,,Local Outbreak
Italy,European Region of WHO,South West Europe,2012,6,2012-02-06,2012-02-12,429,429,0,0,180,0,20,200,0,0,1,1,201,,Regional Outbreak
Italy,European Region of WHO,South West Europe,2012,7,2012-02-13,2012-02-19,325,325,0,0,117,0,24,141,0,0,0,0,141,,Local Outbreak
Italy,European Region of WHO,South West Europe,2012,8,2012-02-20,2012-02-26,233,233,0,0,110,0,12,122,0,0,3,3,125,,Local Outbreak
Italy,European Region of WHO,South West Europe,2012,9,2012-02-27,2012-03-04,286,286,0,0,73,0,9,82,0,0,9,9,91,,No Report
Italy,European Region of WHO,South West Europe,2012,10,2012-03-05,2012-03-11,228,228,0,0,41,0,13,54,0,0,9,9,63,,Sporadic
Italy,European Region of WHO,South West Europe,2012,11,2012-03-12,2012-03-18,130,130,0,0,13,0,6,19,0,0,6,6,25,,Sporadic
Italy,European Region of WHO,South West Europe,2012,12,2012-03-19,2012-03-25,130,130,0,0,2,0,5,7,0,0,4,4,11,,Sporadic
Italy,European Region of WHO,South West Europe,2012,13,2012-03-26,2012-04-01,102,102,0,0,1,0,3,4,0,0,3,3,7,,Sporadic
Italy,European Region of WHO,South West Europe,2012,14,2012-04-02,2012-04-08,47,47,0,0,2,0,0,2,0,0,3,3,5,,Sporadic
Italy,European Region of WHO,South West Europe,2012,15,2012-04-09,2012-04-15,38,38,0,0,2,0,1,3,0,0,3,3,6,,Sporadic
Italy,European Region of WHO,South West Europe,2012,16,2012-04-16,2012-04-22,,,,,,,,,,,,,,,No Report
Italy,European Region of WHO,South West Europe,2012,17,2012-04-23,2012-04-29,29,29,0,0,0,0,1,1,0,0,0,0,1,,No Report
Italy,European Region of WHO,South West Europe,2012,18,2012-04-30,2012-05-06,,,,,,,,,,,,,,,No Report
Italy,European Region of WHO,South West Europe,2012,19,2012-05-07,2012-05-13,,,,,,,,,,,,,,,No Report
Italy,European Region of WHO,South West Europe,2012,20,2012-05-14,2012-05-20,,,,,,,,,,,,,,,No Report
Italy,European Region of WHO,South West Europe,2012,21,2012-05-21,2012-05-27,,,,,,,,,,,,,,,No Report
Italy,European Region of WHO,South West Europe,2012,22,2012-05-28,2012-06-03,,,,,,,,,,,,,,,No Report
Italy,European Region of WHO,South West Europe,2012,23,2012-06-04,2012-06-10,,,,,,,,,,,,,,,No Report
Italy,European Region of WHO,South West Europe,2012,24,2012-06-11,2012-06-17,,,,,,,,,,,,,,,No Report
Italy,European Region of WHO,South West Europe,2012,25,2012-06-18,2012-06-24,,,,,,,,,,,,,,,No Report
Italy,European Region of WHO,South West Europe,2012,26,2012-06-25,2012-07-01,,,,,,,,,,,,,,,No Report
Italy,European Region of WHO,South West Europe,2012,27,2012-07-02,2012-07-08,,,,,,,,,,,,,,,No Report
Italy,European Region of WHO,South West Europe,2012,28,2012-07-09,2012-07-15,,,,,,,,,,,,,,,No Report
Italy,European Region of WHO,South West Europe,2012,29,2012-07-16,2012-07-22,,,,,,,,,,,,,,,No Report
Italy,European Region of WHO,South West Europe,2012,30,2012-07-23,2012-07-29,,,,,,,,,,,,,,,No Report
Italy,European Region of WHO,South West Europe,2012,31,2012-07-30,2012-08-05,,,,,,,,,,,,,,,No Report
Italy,European Region of WHO,South West Europe,2012,32,2012-08-06,2012-08-12,,,,,,,,,,,,,,,No Report
Italy,European Region of WHO,South West Europe,2012,33,2012-08-13,2012-08-19,,,,,,,,,,,,,,,No Report
Italy,European Region of WHO,South West Europe,2012,34,2012-08-20,2012-08-26,,,,,,,,,,,,,,,No Report
Italy,European Region of WHO,South West Europe,2012,35,2012-08-27,2012-09-02,,,,,,,,,,,,,,,No Report
Italy,European Region of WHO,South West Europe,2012,36,2012-09-03,2012-09-09,,,,,,,,,,,,,,,No Report
Italy,European Region of WHO,South West Europe,2012,37,2012-09-10,2012-09-16,,,,,,,,,,,,,,,No Report
Italy,European Region of WHO,South West Europe,2012,38,2012-09-17,2012-09-23,,,,,,,,,,,,,,,No Report
Italy,European Region of WHO,South West Europe,2012,39,2012-09-24,2012-09-30,,,,,,,,,,,,,,,No Report
Italy,European Region of WHO,South West Europe,2012,40,2012-10-01,2012-10-07,,,,,,,,,,,,,,,No Report
Italy,European Region of WHO,South West Europe,2012,41,2012-10-08,2012-10-14,,,,,,,,,,,,,,,No Report
Italy,European Region of WHO,South West Europe,2012,42,2012-10-15,2012-10-21,,,,,,,,,,,,,,,No Report
Italy,European Region of WHO,South West Europe,2012,43,2012-10-22,2012-10-28,,,,,,,,,,,,,,,No Report
Italy,European Region of WHO,South West Europe,2012,44,2012-10-29,2012-11-04,,,,,,,,,,,,,,,No Report
Italy,European Region of WHO,South West Europe,2012,45,2012-11-05,2012-11-11,,,,,,,,,,,,,,,No Report
Italy,European Region of WHO,South West Europe,2012,46,2012-11-12,2012-11-18,36,52,0,1,1,0,0,2,0,0,0,0,2,,Sporadic
Italy,European Region of WHO,South West Europe,2012,47,2012-11-19,2012-11-25,54,54,0,1,0,0,0,1,0,0,0,0,1,,Sporadic
Italy,European Region of WHO,South West Europe,2012,48,2012-11-26,2012-12-02,63,76,0,0,2,0,0,2,0,0,4,4,6,,Sporadic
Italy,European Region of WHO,South West Europe,2012,49,2012-12-03,2012-12-09,65,65,0,0,0,0,0,0,0,0,1,1,1,,Sporadic
Italy,European Region of WHO,South West Europe,2012,50,2012-12-10,2012-12-16,69,69,0,1,1,0,0,2,0,0,4,4,6,,Sporadic
Italy,European Region of WHO,South West Europe,2012,51,2012-12-17,2012-12-23,68,68,0,0,0,0,0,0,0,0,5,5,5,,Sporadic
Italy,European Region of WHO,South West Europe,2012,52,2012-12-24,2012-12-30,34,16,0,0,0,0,1,1,0,0,3,3,4,,Sporadic
Italy,European Region of WHO,South West Europe,2013,1,2012-12-31,2013-01-06,57,57,0,4,0,0,1,5,0,0,11,11,16,,Sporadic
Italy,European Region of WHO,South West Europe,2013,2,2013-01-07,2013-01-13,192,192,0,14,2,0,1,17,0,0,23,23,40,,Sporadic
Italy,European Region of WHO,South West Europe,2013,3,2013-01-14,2013-01-20,267,267,0,18,2,0,6,26,0,0,41,41,67,,Sporadic
Italy,European Region of WHO,South West Europe,2013,4,2013-01-21,2013-01-27,289,289,0,20,4,0,4,28,0,0,66,66,94,,Local Outbreak
Italy,European Region of WHO,South West Europe,2013,5,2013-01-28,2013-02-03,,374,0,38,9,0,13,60,0,0,121,121,181,,Regional Outbreak
Italy,European Region of WHO,South West Europe,2013,6,2013-02-04,2013-02-10,379,379,0,45,7,0,16,68,0,0,114,114,182,,Widespread Outbreak
Italy,European Region of WHO,South West Europe,2013,7,2013-02-11,2013-02-17,467,467,0,70,4,0,16,90,0,0,140,140,230,,Widespread Outbreak
Italy,European Region of WHO,South West Europe,2013,8,2013-02-18,2013-02-24,380,380,0,49,6,0,11,66,0,0,140,140,206,,Widespread Outbreak
Italy,European Region of WHO,South West Europe,2013,9,2013-02-25,2013-03-03,351,351,0,66,5,0,13,84,0,0,101,101,185,,Widespread Outbreak
Italy,European Region of WHO,South West Europe,2013,10,2013-03-04,2013-03-10,304,304,0,64,16,0,6,86,0,0,66,66,152,,Widespread Outbreak
Italy,European Region of WHO,South West Europe,2013,11,2013-03-11,2013-03-17,273,273,0,36,7,0,9,52,0,0,45,45,97,,Regional Outbreak
Italy,European Region of WHO,South West Europe,2013,12,2013-03-18,2013-03-24,257,257,0,28,4,0,2,34,0,0,33,33,67,,Local Outbreak
Italy,European Region of WHO,South West Europe,2013,13,2013-03-25,2013-03-31,104,104,0,6,0,0,3,9,0,0,13,13,22,,Sporadic
Italy,European Region of WHO,South West Europe,2013,14,2013-04-01,2013-04-07,94,94,0,5,2,0,1,8,0,0,7,7,15,,Sporadic
Italy,European Region of WHO,South West Europe,2013,15,2013-04-08,2013-04-14,90,90,0,2,1,0,1,4,0,0,0,0,4,,Sporadic
Italy,European Region of WHO,South West Europe,2013,16,2013-04-15,2013-04-21,53,53,0,1,0,0,0,1,0,0,0,0,1,,Sporadic
Italy,European Region of WHO,South West Europe,2013,17,2013-04-22,2013-04-28,70,70,0,0,0,0,1,1,0,0,0,0,1,,No Report
Italy,European Region of WHO,South West Europe,2013,18,2013-04-29,2013-05-05,,,,,,,,,,,,,,,No Report
Italy,European Region of WHO,South West Europe,2013,19,2013-05-06,2013-05-12,,,,,,,,,,,,,,,No Report
Italy,European Region of WHO,South West Europe,2013,20,2013-05-13,2013-05-19,,,,,,,,,,,,,,,No Report
Italy,European Region of WHO,South West Europe,2013,21,2013-05-20,2013-05-26,,,,,,,,,,,,,,,No Report
Italy,European Region of WHO,South West Europe,2013,22,2013-05-27,2013-06-02,,,,,,,,,,,,,,,No Report
Italy,European Region of WHO,South West Europe,2013,23,2013-06-03,2013-06-09,,,,,,,,,,,,,,,No Report
Italy,European Region of WHO,South West Europe,2013,24,2013-06-10,2013-06-16,,,,,,,,,,,,,,,No Report
Italy,European Region of WHO,South West Europe,2013,25,2013-06-17,2013-06-23,,,,,,,,,,,,,,,No Report
Italy,European Region of WHO,South West Europe,2013,26,2013-06-24,2013-06-30,,,,,,,,,,,,,,,No Report
Italy,European Region of WHO,South West Europe,2013,27,2013-07-01,2013-07-07,,,,,,,,,,,,,,,No Report
Italy,European Region of WHO,South West Europe,2013,28,2013-07-08,2013-07-14,,,,,,,,,,,,,,,No Report
Italy,European Region of WHO,South West Europe,2013,29,2013-07-15,2013-07-21,,,,,,,,,,,,,,,No Report
Italy,European Region of WHO,South West Europe,2013,30,2013-07-22,2013-07-28,,,,,,,,,,,,,,,No Report
Italy,European Region of WHO,South West Europe,2013,31,2013-07-29,2013-08-04,,,,,,,,,,,,,,,No Report
Italy,European Region of WHO,South West Europe,2013,32,2013-08-05,2013-08-11,,,,,,,,,,,,,,,No Report
Italy,European Region of WHO,South West Europe,2013,33,2013-08-12,2013-08-18,,,,,,,,,,,,,,,No Report
Italy,European Region of WHO,South West Europe,2013,34,2013-08-19,2013-08-25,,,,,,,,,,,,,,,No Report
Italy,European Region of WHO,South West Europe,2013,35,2013-08-26,2013-09-01,,,,,,,,,,,,,,,No Report
Italy,European Region of WHO,South West Europe,2013,36,2013-09-02,2013-09-08,,,,,,,,,,,,,,,No Report
Italy,European Region of WHO,South West Europe,2013,37,2013-09-09,2013-09-15,,,,,,,,,,,,,,,No Report
Italy,European Region of WHO,South West Europe,2013,38,2013-09-16,2013-09-22,,,,,,,,,,,,,,,No Report
Italy,European Region of WHO,South West Europe,2013,39,2013-09-23,2013-09-29,,,,,,,,,,,,,,,No Report
Italy,European Region of WHO,South West Europe,2013,40,2013-09-30,2013-10-06,,,,,,,,,,,,,,,No Report
Italy,European Region of WHO,South West Europe,2013,41,2013-10-07,2013-10-13,,,,,,,,,,,,,,,No Report
Italy,European Region of WHO,South West Europe,2013,42,2013-10-14,2013-10-20,,,,,,,,,,,,,,,No Report
Italy,European Region of WHO,South West Europe,2013,43,2013-10-21,2013-10-27,,,,,,,,,,,,,,,No Report
Italy,European Region of WHO,South West Europe,2013,44,2013-10-28,2013-11-03,,,,,,,,,,,,,,,No Report
Italy,European Region of WHO,South West Europe,2013,45,2013-11-04,2013-11-10,,,,,,,,,,,,,,,No Report
Italy,European Region of WHO,South West Europe,2013,46,2013-11-11,2013-11-17,131,131,0,0,0,0,0,0,0,0,0,0,0,,No Activity
Italy,European Region of WHO,South West Europe,2013,47,2013-11-18,2013-11-24,64,64,0,0,0,0,0,0,0,0,0,0,0,,No Activity
Italy,European Region of WHO,South West Europe,2013,48,2013-11-25,2013-12-01,24,24,0,0,2,0,0,2,0,0,0,0,2,,Sporadic
Italy,European Region of WHO,South West Europe,2013,49,2013-12-02,2013-12-08,65,62,0,0,6,0,0,6,0,0,0,0,6,,Sporadic
Italy,European Region of WHO,South West Europe,2013,50,2013-12-09,2013-12-15,65,65,0,0,5,0,2,7,0,0,0,0,7,,Sporadic
Italy,European Region of WHO,South West Europe,2013,51,2013-12-16,2013-12-22,87,87,0,0,3,0,0,3,0,0,0,0,3,,Sporadic
Italy,European Region of WHO,South West Europe,2013,52,2013-12-23,2013-12-29,73,73,0,0,10,0,0,10,0,0,1,1,11,,Sporadic
Italy,European Region of WHO,South West Europe,2014,1,2013-12-30,2014-01-05,119,80,0,1,6,0,3,10,0,0,0,0,10,,Sporadic
Italy,European Region of WHO,South West Europe,2014,2,2014-01-06,2014-01-12,216,169,0,9,13,0,4,26,0,0,1,1,27,,Sporadic
Italy,European Region of WHO,South West Europe,2014,3,2014-01-13,2014-01-19,235,167,0,8,15,0,5,28,2,0,1,3,31,,Sporadic
Italy,European Region of WHO,South West Europe,2014,4,2014-01-20,2014-01-26,264,211,0,21,23,0,2,46,0,0,3,3,49,,Sporadic
Italy,European Region of WHO,South West Europe,2014,5,2014-01-27,2014-02-02,314,227,0,21,46,0,7,74,0,0,0,0,74,,Local Outbreak
Italy,European Region of WHO,South West Europe,2014,6,2014-02-03,2014-02-09,336,296,0,25,49,0,30,104,0,0,4,4,108,,Widespread Outbreak
Italy,European Region of WHO,South West Europe,2014,7,2014-02-10,2014-02-16,241,241,0,22,27,0,25,74,0,0,4,4,78,,Local Outbreak
Italy,European Region of WHO,South West Europe,2014,8,2014-02-17,2014-02-23,310,310,0,26,45,0,18,89,0,0,3,3,92,,Local Outbreak
Italy,European Region of WHO,South West Europe,2014,9,2014-02-24,2014-03-02,200,200,0,29,35,0,22,86,0,0,3,3,89,,Local Outbreak
Italy,European Region of WHO,South West Europe,2014,10,2014-03-03,2014-03-09,246,246,0,15,35,0,8,58,0,0,6,6,64,,Local Outbreak
Italy,European Region of WHO,South West Europe,2014,11,2014-03-10,2014-03-16,235,179,0,18,19,0,3,40,0,0,0,0,40,,Sporadic
Italy,European Region of WHO,South West Europe,2014,12,2014-03-17,2014-03-23,175,132,0,5,10,0,3,18,0,0,0,0,18,,Sporadic
Italy,European Region of WHO,South West Europe,2014,13,2014-03-24,2014-03-30,130,130,0,6,8,0,2,16,0,0,0,0,16,,Sporadic
Italy,European Region of WHO,South West Europe,2014,14,2014-03-31,2014-04-06,81,81,0,2,3,0,1,6,0,0,0,0,6,,Sporadic
Italy,European Region of WHO,South West Europe,2014,15,2014-04-07,2014-04-13,77,77,0,1,1,0,0,2,0,0,0,0,2,,Sporadic
Italy,European Region of WHO,South West Europe,2014,16,2014-04-14,2014-04-20,55,52,0,1,1,0,2,4,0,0,0,0,4,,Sporadic
Italy,European Region of WHO,South West Europe,2014,17,2014-04-21,2014-04-27,48,48,0,0,0,0,0,0,0,0,0,0,0,,No Activity
Italy,European Region of WHO,South West Europe,2014,18,2014-04-28,2014-05-04,,,,,,,,,,,,,,,No Report
Italy,European Region of WHO,South West Europe,2014,19,2014-05-05,2014-05-11,,,,,,,,,,,,,,,No Report
Italy,European Region of WHO,South West Europe,2014,20,2014-05-12,2014-05-18,,,,,,,,,,,,,,,No Report
Italy,European Region of WHO,South West Europe,2014,21,2014-05-19,2014-05-25,,,,,,,,,,,,,,,No Report
Italy,European Region of WHO,South West Europe,2014,22,2014-05-26,2014-06-01,,,,,,,,,,,,,,,No Report
Italy,European Region of WHO,South West Europe,2014,23,2014-06-02,2014-06-08,,,,,,,,,,,,,,,No Report
Italy,European Region of WHO,South West Europe,2014,24,2014-06-09,2014-06-15,,,,,,,,,,,,,,,No Report
Italy,European Region of WHO,South West Europe,2014,25,2014-06-16,2014-06-22,,,,,,,,,,,,,,,No Report
Italy,European Region of WHO,South West Europe,2014,26,2014-06-23,2014-06-29,,,,,,,,,,,,,,,No Report
Italy,European Region of WHO,South West Europe,2014,27,2014-06-30,2014-07-06,,,,,,,,,,,,,,,No Report
Italy,European Region of WHO,South West Europe,2014,28,2014-07-07,2014-07-13,,,,,,,,,,,,,,,No Report
Italy,European Region of WHO,South West Europe,2014,29,2014-07-14,2014-07-20,,,,,,,,,,,,,,,No Report
Italy,European Region of WHO,South West Europe,2014,30,2014-07-21,2014-07-27,,,,,,,,,,,,,,,No Report
Italy,European Region of WHO,South West Europe,2014,31,2014-07-28,2014-08-03,,,,,,,,,,,,,,,No Report
Italy,European Region of WHO,South West Europe,2014,32,2014-08-04,2014-08-10,,,,,,,,,,,,,,,No Report
Italy,European Region of WHO,South West Europe,2014,33,2014-08-11,2014-08-17,,,,,,,,,,,,,,,No Report
Italy,European Region of WHO,South West Europe,2014,34,2014-08-18,2014-08-24,,,,,,,,,,,,,,,No Report
Italy,European Region of WHO,South West Europe,2014,35,2014-08-25,2014-08-31,,,,,,,,,,,,,,,No Report
Italy,European Region of WHO,South West Europe,2014,36,2014-09-01,2014-09-07,,,,,,,,,,,,,,,No Report
Italy,European Region of WHO,South West Europe,2014,37,2014-09-08,2014-09-14,,,,,,,,,,,,,,,No Report
Italy,European Region of WHO,South West Europe,2014,38,2014-09-15,2014-09-21,,,,,,,,,,,,,,,No Report
Italy,European Region of WHO,South West Europe,2014,39,2014-09-22,2014-09-28,,,,,,,,,,,,,,,No Report
Italy,European Region of WHO,South West Europe,2014,40,2014-09-29,2014-10-05,,,,,,,,,,,,,,,No Report
Italy,European Region of WHO,South West Europe,2014,41,2014-10-06,2014-10-12,1,1,0,1,0,0,0,1,0,0,0,0,1,,No Activity
Italy,European Region of WHO,South West Europe,2014,42,2014-10-13,2014-10-19,45,45,0,0,1,0,0,1,0,0,0,0,1,,No Activity
Italy,European Region of WHO,South West Europe,2014,43,2014-10-20,2014-10-26,32,31,0,1,0,0,0,1,0,0,0,0,1,,No Activity
Italy,European Region of WHO,South West Europe,2014,44,2014-10-27,2014-11-02,54,54,0,0,0,0,0,0,0,0,0,0,0,,No Activity
Italy,European Region of WHO,South West Europe,2014,45,2014-11-03,2014-11-09,44,44,0,0,0,0,0,0,0,0,0,0,0,,No Activity
Italy,European Region of WHO,South West Europe,2014,46,2014-11-10,2014-11-16,73,73,0,0,1,0,0,1,0,0,0,0,1,,No Activity
Italy,European Region of WHO,South West Europe,2014,47,2014-11-17,2014-11-23,76,76,0,3,1,0,0,4,0,0,0,0,4,,Sporadic
Italy,European Region of WHO,South West Europe,2014,48,2014-11-24,2014-11-30,76,76,0,0,0,0,0,0,0,0,0,0,0,,No Activity
Italy,European Region of WHO,South West Europe,2014,49,2014-12-01,2014-12-07,120,120,0,4,2,0,0,6,0,0,0,0,6,,Sporadic
Italy,European Region of WHO,South West Europe,2014,50,2014-12-08,2014-12-14,137,137,0,9,5,0,1,15,2,0,0,2,17,,Sporadic
Italy,European Region of WHO,South West Europe,2014,51,2014-12-15,2014-12-21,187,187,0,27,11,0,1,39,0,0,1,1,40,,Sporadic
Italy,European Region of WHO,South West Europe,2014,52,2014-12-22,2014-12-28,111,111,0,18,8,0,0,26,2,0,1,3,29,,Sporadic
Italy,European Region of WHO,South West Europe,2015,1,2014-12-29,2015-01-04,276,275,0,63,12,0,10,85,2,0,3,5,90,,Sporadic
Italy,European Region of WHO,South West Europe,2015,2,2015-01-05,2015-01-11,457,456,0,145,29,0,12,186,1,0,6,7,193,,Local Outbreak
Italy,European Region of WHO,South West Europe,2015,3,2015-01-12,2015-01-18,834,837,0,265,108,0,11,384,11,0,6,17,401,,Regional Outbreak
Italy,European Region of WHO,South West Europe,2015,4,2015-01-19,2015-01-25,1079,1097,0,320,158,0,36,514,7,0,12,19,533,,Widespread Outbreak
Italy,European Region of WHO,South West Europe,2015,5,2015-01-26,2015-02-01,1075,1111,0,257,206,0,23,486,7,1,32,40,526,,Widespread Outbreak
Italy,European Region of WHO,South West Europe,2015,6,2015-02-02,2015-02-08,1021,1056,0,199,212,0,27,438,19,0,28,47,485,,Regional Outbreak
Italy,European Region of WHO,South West Europe,2015,7,2015-02-09,2015-02-15,893,919,0,128,179,0,25,332,18,0,27,45,377,,Regional Outbreak
Italy,European Region of WHO,South West Europe,2015,8,2015-02-16,2015-02-22,760,800,0,67,142,0,18,227,17,0,28,45,272,,Regional Outbreak
Italy,European Region of WHO,South West Europe,2015,9,2015-02-23,2015-03-01,678,694,0,30,88,0,19,137,0,0,64,64,201,,Local Outbreak
Italy,European Region of WHO,South West Europe,2015,10,2015-03-02,2015-03-08,551,552,0,32,49,0,13,94,0,0,70,70,164,,Local Outbreak
Italy,European Region of WHO,South West Europe,2015,11,2015-03-09,2015-03-15,382,382,0,16,27,0,11,54,0,0,61,61,115,,Sporadic
Italy,European Region of WHO,South West Europe,2015,12,2015-03-16,2015-03-22,325,328,0,8,21,0,5,34,0,0,50,50,84,,Sporadic
Italy,European Region of WHO,South West Europe,2015,13,2015-03-23,2015-03-29,324,132,0,3,9,0,4,16,0,0,24,24,40,,Sporadic
Italy,European Region of WHO,South West Europe,2015,14,2015-03-30,2015-04-05,241,242,0,4,9,0,2,15,0,0,35,35,50,,Sporadic
Italy,European Region of WHO,South West Europe,2015,15,2015-04-06,2015-04-12,193,193,0,1,2,0,3,6,0,0,22,22,28,,Sporadic
Italy,European Region of WHO,South West Europe,2015,16,2015-04-13,2015-04-19,145,149,0,4,1,0,1,6,1,0,14,15,21,,Sporadic
Italy,European Region of WHO,South West Europe,2015,17,2015-04-20,2015-04-26,109,105,0,1,0,0,0,1,0,0,3,3,4,,Sporadic
Italy,European Region of WHO,South West Europe,2015,18,2015-04-27,2015-05-03,,,,,,,,,,,,,,,No Report
Italy,European Region of WHO,South West Europe,2015,19,2015-05-04,2015-05-10,,,,,,,,,,,,,,,No Report
Italy,European Region of WHO,South West Europe,2015,20,2015-05-11,2015-05-17,,,,,,,,,,,,,,,No Report
Italy,European Region of WHO,South West Europe,2015,21,2015-05-18,2015-05-24,,,,,,,,,,,,,,,No Report
Italy,European Region of WHO,South West Europe,2015,22,2015-05-25,2015-05-31,,,,,,,,,,,,,,,No Report
Italy,European Region of WHO,South West Europe,2015,23,2015-06-01,2015-06-07,,,,,,,,,,,,,,,No Report
Italy,European Region of WHO,South West Europe,2015,24,2015-06-08,2015-06-14,,,,,,,,,,,,,,,No Report
Italy,European Region of WHO,South West Europe,2015,25,2015-06-15,2015-06-21,,,,,,,,,,,,,,,No Report
Italy,European Region of WHO,South West Europe,2015,26,2015-06-22,2015-06-28,,,,,,,,,,,,,,,No Report
Italy,European Region of WHO,South West Europe,2015,27,2015-06-29,2015-07-05,,,,,,,,,,,,,,,No Report
Italy,European Region of WHO,South West Europe,2015,28,2015-07-06,2015-07-12,,,,,,,,,,,,,,,No Report
Italy,European Region of WHO,South West Europe,2015,29,2015-07-13,2015-07-19,,,,,,,,,,,,,,,No Report
Italy,European Region of WHO,South West Europe,2015,30,2015-07-20,2015-07-26,,,,,,,,,,,,,,,No Report
Italy,European Region of WHO,South West Europe,2015,31,2015-07-27,2015-08-02,,,,,,,,,,,,,,,No Report
Italy,European Region of WHO,South West Europe,2015,32,2015-08-03,2015-08-09,,,,,,,,,,,,,,,No Report
Italy,European Region of WHO,South West Europe,2015,33,2015-08-10,2015-08-16,,,,,,,,,,,,,,,No Report
Italy,European Region of WHO,South West Europe,2015,34,2015-08-17,2015-08-23,,,,,,,,,,,,,,,No Report
Italy,European Region of WHO,South West Europe,2015,35,2015-08-24,2015-08-30,,,,,,,,,,,,,,,No Report
Italy,European Region of WHO,South West Europe,2015,36,2015-08-31,2015-09-06,,,,,,,,,,,,,,,No Report
Italy,European Region of WHO,South West Europe,2015,37,2015-09-07,2015-09-13,,,,,,,,,,,,,,,No Report
Italy,European Region of WHO,South West Europe,2015,38,2015-09-14,2015-09-20,,,,,,,,,,,,,,,No Report
Italy,European Region of WHO,South West Europe,2015,39,2015-09-21,2015-09-27,,,,,,,,,,,,,,,No Report
Italy,European Region of WHO,South West Europe,2015,40,2015-09-28,2015-10-04,,,,,,,,,,,,,,,No Report
Italy,European Region of WHO,South West Europe,2015,41,2015-10-05,2015-10-11,,,,,,,,,,,,,,,No Report
Italy,European Region of WHO,South West Europe,2015,42,2015-10-12,2015-10-18,,,,,,,,,,,,,,,No Report
Italy,European Region of WHO,South West Europe,2015,43,2015-10-19,2015-10-25,,,,,,,,,,,,,,,No Report
Italy,European Region of WHO,South West Europe,2015,44,2015-10-26,2015-11-01,,,,,,,,,,,,,,,No Report
Italy,European Region of WHO,South West Europe,2015,45,2015-11-02,2015-11-08,,,,,,,,,,,,,,,No Report
Italy,European Region of WHO,South West Europe,2015,46,2015-11-09,2015-11-15,117,101,0,0,0,0,0,0,0,0,0,0,0,,No Activity
Italy,European Region of WHO,South West Europe,2015,47,2015-11-16,2015-11-22,131,106,0,0,0,0,0,0,0,0,0,0,0,,No Activity
Italy,European Region of WHO,South West Europe,2015,48,2015-11-23,2015-11-29,147,114,0,0,1,0,0,1,0,0,0,0,1,,Sporadic
Italy,European Region of WHO,South West Europe,2015,49,2015-11-30,2015-12-06,129,146,0,0,1,0,1,2,0,0,0,0,2,,Sporadic
Italy,European Region of WHO,South West Europe,2015,50,2015-12-07,2015-12-13,150,157,0,1,2,0,0,3,0,0,0,0,3,,Sporadic
Italy,European Region of WHO,South West Europe,2015,51,2015-12-14,2015-12-20,220,220,0,4,2,0,0,6,0,0,1,1,7,,Sporadic
Italy,European Region of WHO,South West Europe,2015,52,2015-12-21,2015-12-27,141,141,0,7,3,0,0,10,0,0,0,0,10,,Sporadic
Italy,European Region of WHO,South West Europe,2015,53,2015-12-28,2016-01-03,,234,0,4,6,,1,11,0,0,0,0,11,,No Report
Italy,European Region of WHO,South West Europe,2016,1,2016-01-04,2016-01-10,,279,0,3,6,,2,11,0,0,3,3,14,,No Report
Italy,European Region of WHO,South West Europe,2016,2,2016-01-11,2016-01-17,,338,0,15,7,,5,27,1,7,11,19,46,,No Report
Italy,European Region of WHO,South West Europe,2016,3,2016-01-18,2016-01-24,,391,0,17,13,,1,31,1,17,16,34,65,,No Report
Italy,European Region of WHO,South West Europe,2016,4,2016-01-25,2016-01-31,,571,0,29,40,,9,78,5,51,46,102,180,,No Report
Italy,European Region of WHO,South West Europe,2016,5,2016-02-01,2016-02-07,,646,0,39,49,,7,95,2,71,60,133,228,,No Report
Italy,European Region of WHO,South West Europe,2016,6,2016-02-08,2016-02-14,,839,0,40,74,,5,119,1,72,65,138,257,,No Report
Italy,European Region of WHO,South West Europe,2016,7,2016-02-15,2016-02-21,,688,0,30,73,,5,108,2,71,80,153,261,,No Report
Italy,European Region of WHO,South West Europe,2016,8,2016-02-22,2016-02-28,,741,0,36,81,,6,123,1,86,110,197,320,,No Report
Italy,European Region of WHO,South West Europe,2016,9,2016-02-29,2016-03-06,,628,0,40,54,,11,105,5,52,95,152,257,,No Report
Italy,European Region of WHO,South West Europe,2016,10,2016-03-07,2016-03-13,,520,0,17,59,,6,82,2,43,67,112,194,,No Report
Italy,European Region of WHO,South West Europe,2016,11,2016-03-14,2016-03-20,,511,0,26,47,,4,77,1,36,81,118,195,,No Report
Italy,European Region of WHO,South West Europe,2016,12,2016-03-21,2016-03-27,,436,0,20,26,,5,51,3,27,56,86,137,,No Report
Italy,European Region of WHO,South West Europe,2016,13,2016-03-28,2016-04-03,,252,0,11,14,,4,29,2,14,39,55,84,,No Report
Italy,European Region of WHO,South West Europe,2016,14,2016-04-04,2016-04-10,,259,0,14,11,,7,32,1,9,25,35,67,,No Report
Italy,European Region of WHO,South West Europe,2016,15,2016-04-11,2016-04-17,,209,0,5,11,,4,20,1,2,20,23,43,,No Report
Italy,European Region of WHO,South West Europe,2016,16,2016-04-18,2016-04-24,,123,0,1,1,,3,5,0,2,12,14,19,,No Report
Italy,European Region of WHO,South West Europe,2016,17,2016-04-25,2016-05-01,,,,,,,,,,,,,,,No Report
Italy,European Region of WHO,South West Europe,2016,18,2016-05-02,2016-05-08,,,,,,,,,,,,,,,No Report
Italy,European Region of WHO,South West Europe,2016,19,2016-05-09,2016-05-15,,,,,,,,,,,,,,,No Report
Italy,European Region of WHO,South West Europe,2016,20,2016-05-16,2016-05-22,,,,,,,,,,,,,,,No Report
Italy,European Region of WHO,South West Europe,2016,21,2016-05-23,2016-05-29,,,,,,,,,,,,,,,No Report
Italy,European Region of WHO,South West Europe,2016,22,2016-05-30,2016-06-05,,,,,,,,,,,,,,,No Report
Italy,European Region of WHO,South West Europe,2016,23,2016-06-06,2016-06-12,,,,,,,,,,,,,,,No Report
Italy,European Region of WHO,South West Europe,2016,24,2016-06-13,2016-06-19,,,,,,,,,,,,,,,No Report
Italy,European Region of WHO,South West Europe,2016,25,2016-06-20,2016-06-26,,,,,,,,,,,,,,,No Report
Italy,European Region of WHO,South West Europe,2016,26,2016-06-27,2016-07-03,,,,,,,,,,,,,,,No Report
Italy,European Region of WHO,South West Europe,2016,27,2016-07-04,2016-07-10,,,,,,,,,,,,,,,No Report
Italy,European Region of WHO,South West Europe,2016,28,2016-07-11,2016-07-17,,,,,,,,,,,,,,,No Report
Italy,European Region of WHO,South West Europe,2016,29,2016-07-18,2016-07-24,,,,,,,,,,,,,,,No Report
Italy,European Region of WHO,South West Europe,2016,30,2016-07-25,2016-07-31,,,,,,,,,,,,,,,No Report
Italy,European Region of WHO,South West Europe,2016,31,2016-08-01,2016-08-07,,,,,,,,,,,,,,,No Report
Italy,European Region of WHO,South West Europe,2016,32,2016-08-08,2016-08-14,,,,,,,,,,,,,,,No Report
Italy,European Region of WHO,South West Europe,2016,33,2016-08-15,2016-08-21,,,,,,,,,,,,,,,No Report
Italy,European Region of WHO,South West Europe,2016,34,2016-08-22,2016-08-28,,,,,,,,,,,,,,,No Report
Italy,European Region of WHO,South West Europe,2016,35,2016-08-29,2016-09-04,,,,,,,,,,,,,,,No Report
Italy,European Region of WHO,South West Europe,2016,36,2016-09-05,2016-09-11,,,,,,,,,,,,,,,No Report
Italy,European Region of WHO,South West Europe,2016,37,2016-09-12,2016-09-18,,,,,,,,,,,,,,,No Report
Italy,European Region of WHO,South West Europe,2016,38,2016-09-19,2016-09-25,,,,,,,,,,,,,,,No Report
Italy,European Region of WHO,South West Europe,2016,39,2016-09-26,2016-10-02,,,,,,,,,,,,,,,No Report
Italy,European Region of WHO,South West Europe,2016,40,2016-10-03,2016-10-09,,,,,,,,,,,,,,,No Report
Italy,European Region of WHO,South West Europe,2016,41,2016-10-10,2016-10-16,,,,,,,,,,,,,,,No Report
Italy,European Region of WHO,South West Europe,2016,42,2016-10-17,2016-10-23,,,,,,,,,,,,,,,No Report
Italy,European Region of WHO,South West Europe,2016,43,2016-10-24,2016-10-30,,,,,,,,,,,,,,,No Report
Italy,European Region of WHO,South West Europe,2016,44,2016-10-31,2016-11-06,,,,,,,,,,,,,,,No Report
Italy,European Region of WHO,South West Europe,2016,45,2016-11-07,2016-11-13,,,,,,,,,,,,,,,No Report
Italy,European Region of WHO,South West Europe,2016,46,2016-11-14,2016-11-20,210,209,0,0,10,0,2,12,0,0,0,0,12,198,Sporadic
Italy,European Region of WHO,South West Europe,2016,47,2016-11-21,2016-11-27,237,237,0,1,21,0,0,22,0,0,2,2,24,213,Sporadic
Italy,European Region of WHO,South West Europe,2016,48,2016-11-28,2016-12-04,288,288,0,0,48,0,1,49,0,0,0,0,49,239,Sporadic
Italy,European Region of WHO,South West Europe,2016,49,2016-12-05,2016-12-11,325,325,0,3,70,0,2,75,0,0,0,0,75,250,Sporadic
Italy,European Region of WHO,South West Europe,2016,50,2016-12-12,2016-12-18,504,504,0,0,143,0,9,152,0,0,1,1,153,351,Regional Outbreak
Italy,European Region of WHO,South West Europe,2016,51,2016-12-19,2016-12-25,627,627,0,7,221,0,25,253,0,0,0,0,253,374,Regional Outbreak
Italy,European Region of WHO,South West Europe,2016,52,2016-12-26,2017-01-01,658,658,0,3,258,0,37,298,0,0,0,0,298,360,Widespread Outbreak
Italy,European Region of WHO,South West Europe,2017,1,2017-01-02,2017-01-08,648,648,0,1,217,0,52,270,0,0,3,3,273,375,Widespread Outbreak
Italy,European Region of WHO,South West Europe,2017,2,2017-01-09,2017-01-15,834,834,0,4,298,0,57,359,0,0,6,6,365,469,Widespread Outbreak
Italy,European Region of WHO,South West Europe,2017,3,2017-01-16,2017-01-22,810,819,0,4,305,0,31,340,0,0,3,3,343,467,Widespread Outbreak
Italy,European Region of WHO,South West Europe,2017,4,2017-01-23,2017-01-29,646,848,0,1,278,0,29,308,0,0,6,6,314,332,Widespread Outbreak
Italy,European Region of WHO,South West Europe,2017,5,2017-01-30,2017-02-05,639,638,0,0,191,0,37,228,9,0,4,13,241,398,Regional Outbreak
Italy,European Region of WHO,South West Europe,2017,6,2017-02-06,2017-02-12,615,615,0,2,150,0,7,159,9,1,3,13,172,443,Regional Outbreak
Italy,European Region of WHO,South West Europe,2017,7,2017-02-13,2017-02-19,491,491,0,4,81,0,1,86,10,2,3,15,101,387,Regional Outbreak
Italy,European Region of WHO,South West Europe,2017,8,2017-02-20,2017-02-26,506,506,0,0,44,0,3,47,7,1,7,15,62,444,Local Outbreak
Italy,European Region of WHO,South West Europe,2017,9,2017-02-27,2017-03-05,343,343,0,1,11,0,6,18,9,0,11,20,38,305,Sporadic
Italy,European Region of WHO,South West Europe,2017,10,2017-03-06,2017-03-12,392,392,0,1,11,0,3,15,3,0,11,14,29,363,Sporadic
Italy,European Region of WHO,South West Europe,2017,11,2017-03-13,2017-03-19,307,307,0,0,7,0,0,7,3,0,8,11,18,289,Sporadic
Italy,European Region of WHO,South West Europe,2017,12,2017-03-20,2017-03-26,250,250,0,0,4,0,0,4,1,0,2,3,7,243,Sporadic
Italy,European Region of WHO,South West Europe,2017,13,2017-03-27,2017-04-02,200,200,0,0,1,0,0,1,1,0,2,3,4,196,Sporadic
Italy,European Region of WHO,South West Europe,2017,14,2017-04-03,2017-04-09,181,181,0,0,1,0,0,1,0,0,3,3,4,177,Sporadic
Italy,European Region of WHO,South West Europe,2017,15,2017-04-10,2017-04-16,113,113,0,0,0,0,0,0,0,0,3,3,3,110,Sporadic
Italy,European Region of WHO,South West Europe,2017,16,2017-04-17,2017-04-23,123,123,0,1,0,0,0,1,2,0,0,2,3,120,Sporadic
Italy,European Region of WHO,South West Europe,2017,17,2017-04-24,2017-04-30,59,59,0,0,0,0,0,0,1,0,0,1,1,58,Sporadic
Italy,European Region of WHO,South West Europe,2017,18,2017-05-01,2017-05-07,,,,,,,,,,,,,,,No Report
Italy,European Region of WHO,South West Europe,2017,19,2017-05-08,2017-05-14,,,,,,,,,,,,,,,No Report
Italy,European Region of WHO,South West Europe,2017,20,2017-05-15,2017-05-21,,,,,,,,,,,,,,,No Report
Italy,European Region of WHO,South West Europe,2017,21,2017-05-22,2017-05-28,,,,,,,,,,,,,,,No Report
Italy,European Region of WHO,South West Europe,2017,22,2017-05-29,2017-06-04,,,,,,,,,,,,,,,No Report
Italy,European Region of WHO,South West Europe,2017,23,2017-06-05,2017-06-11,,,,,,,,,,,,,,,No Report
Italy,European Region of WHO,South West Europe,2017,24,2017-06-12,2017-06-18,,,,,,,,,,,,,,,No Report
Italy,European Region of WHO,South West Europe,2017,25,2017-06-19,2017-06-25,,,,,,,,,,,,,,,No Report
Italy,European Region of WHO,South West Europe,2017,26,2017-06-26,2017-07-02,,,,,,,,,,,,,,,No Report
Italy,European Region of WHO,South West Europe,2017,27,2017-07-03,2017-07-09,,,,,,,,,,,,,,,No Report
Italy,European Region of WHO,South West Europe,2017,28,2017-07-10,2017-07-16,,,,,,,,,,,,,,,No Report
Italy,European Region of WHO,South West Europe,2017,29,2017-07-17,2017-07-23,,,,,,,,,,,,,,,No Report
Italy,European Region of WHO,South West Europe,2017,30,2017-07-24,2017-07-30,,,,,,,,,,,,,,,No Report
Italy,European Region of WHO,South West Europe,2017,31,2017-07-31,2017-08-06,,,,,,,,,,,,,,,No Report
Italy,European Region of WHO,South West Europe,2017,32,2017-08-07,2017-08-13,,,,,,,,,,,,,,,No Report
Italy,European Region of WHO,South West Europe,2017,33,2017-08-14,2017-08-20,,,,,,,,,,,,,,,No Report
Italy,European Region of WHO,South West Europe,2017,34,2017-08-21,2017-08-27,,,,,,,,,,,,,,,No Report
Italy,European Region of WHO,South West Europe,2017,35,2017-08-28,2017-09-03,,,,,,,,,,,,,,,No Report
Italy,European Region of WHO,South West Europe,2017,36,2017-09-04,2017-09-10,,,,,,,,,,,,,,,No Report
Italy,European Region of WHO,South West Europe,2017,37,2017-09-11,2017-09-17,,,,,,,,,,,,,,,No Report
Italy,European Region of WHO,South West Europe,2017,38,2017-09-18,2017-09-24,,,,,,,,,,,,,,,No Report
Italy,European Region of WHO,South West Europe,2017,39,2017-09-25,2017-10-01,,,,,,,,,,,,,,,No Report
Italy,European Region of WHO,South West Europe,2017,40,2017-10-02,2017-10-08,,,,,,,,,,,,,,,No Report
Italy,European Region of WHO,South West Europe,2017,41,2017-10-09,2017-10-15,,,,,,,,,,,,,,,No Report
Italy,European Region of WHO,South West Europe,2017,42,2017-10-16,2017-10-22,,,,,,,,,,,,,,,No Report
Italy,European Region of WHO,South West Europe,2017,43,2017-10-23,2017-10-29,,,,,,,,,,,,,,,No Report
Italy,European Region of WHO,South West Europe,2017,44,2017-10-30,2017-11-05,,,,,,,,,,,,,,,No Report
Italy,European Region of WHO,South West Europe,2017,45,2017-11-06,2017-11-12,,,,,,,,,,,,,,,No Report
Italy,European Region of WHO,South West Europe,2017,46,2017-11-13,2017-11-19,203,203,0,0,0,0,0,0,2,0,0,2,2,201,No Activity
Italy,European Region of WHO,South West Europe,2017,47,2017-11-20,2017-11-26,265,265,0,1,0,0,0,1,6,0,1,7,8,257,Sporadic
Italy,European Region of WHO,South West Europe,2017,48,2017-11-27,2017-12-03,271,271,0,7,1,0,2,10,7,0,11,18,28,243,Sporadic
Italy,European Region of WHO,South West Europe,2017,49,2017-12-04,2017-12-10,302,302,0,9,4,0,0,13,15,0,12,27,40,262,Sporadic
Italy,European Region of WHO,South West Europe,2017,50,2017-12-11,2017-12-17,543,543,0,38,9,,1,48,39,1,34,74,122,421,Sporadic
Italy,European Region of WHO,South West Europe,2017,51,2017-12-18,2017-12-24,620,620,0,66,6,,3,75,62,0,70,132,207,413,Local Outbreak
Italy,European Region of WHO,South West Europe,2017,52,2017-12-25,2017-12-31,830,830,0,141,9,,10,160,108,0,143,251,411,419,Local Outbreak
Italy,European Region of WHO,South West Europe,2018,1,2018-01-01,2018-01-07,462,426,0,52,28,,9,89,0,0,0,0,89,337,Local Outbreak
Italy,European Region of WHO,South West Europe,2018,2,2018-01-08,2018-01-14,1707,1707,0,256,13,,8,277,259,0,311,570,847,860,Regional Outbreak
Italy,European Region of WHO,South West Europe,2018,3,2018-01-15,2018-01-21,1540,1540,0,202,15,,8,225,224,1,230,455,680,860,Regional Outbreak
Italy,European Region of WHO,South West Europe,2018,4,2018-01-22,2018-01-28,1345,1345,0,180,13,,12,205,213,2,158,373,578,767,Regional Outbreak
Italy,European Region of WHO,South West Europe,2018,5,2018-01-29,2018-02-04,1282,1282,0,178,6,,13,197,210,0,133,343,540,742,Regional Outbreak
Italy,European Region of WHO,South West Europe,2018,6,2018-02-05,2018-02-11,1089,1089,0,149,5,,7,161,120,1,72,193,354,735,Regional Outbreak
Italy,European Region of WHO,South West Europe,2018,7,2018-02-12,2018-02-18,989,989,0,145,8,,5,158,91,,52,143,301,688,Regional Outbreak
Italy,European Region of WHO,South West Europe,2018,8,2018-02-19,2018-02-25,913,913,0,142,8,,6,156,82,1,38,121,277,636,Regional Outbreak
Italy,European Region of WHO,South West Europe,2018,9,2018-02-26,2018-03-04,724,724,0,77,6,,4,87,44,0,37,81,168,556,Regional Outbreak
Italy,European Region of WHO,South West Europe,2018,10,2018-03-05,2018-03-11,630,630,0,62,2,,3,67,30,0,21,51,118,512,Regional Outbreak
Italy,European Region of WHO,South West Europe,2018,11,2018-03-12,2018-03-18,420,420,0,46,2,,1,49,29,0,14,43,92,328,Local Outbreak
Italy,European Region of WHO,South West Europe,2018,12,2018-03-19,2018-03-25,333,333,0,25,1,,1,27,10,0,10,20,47,286,Local Outbreak
Italy,European Region of WHO,South West Europe,2018,13,2018-03-26,2018-04-01,262,262,0,12,3,,2,17,4,,5,9,26,237,Local Outbreak
Italy,European Region of WHO,South West Europe,2018,14,2018-04-02,2018-04-08,201,201,0,12,1,,,13,,,0,0,13,188,Local Outbreak
Italy,European Region of WHO,South West Europe,2018,15,2018-04-09,2018-04-15,187,187,0,5,,,2,7,,,1,1,8,179,Sporadic
Italy,European Region of WHO,South West Europe,2018,16,2018-04-16,2018-04-22,113,113,0,3,,,1,4,,,0,0,4,109,No Activity
Italy,European Region of WHO,South West Europe,2018,17,2018-04-23,2018-04-29,58,58,0,3,,,,3,,,0,0,3,55,No Activity
Italy,European Region of WHO,South West Europe,2018,18,2018-04-30,2018-05-06,,,,,,,,,,,,,,,No Report
Italy,European Region of WHO,South West Europe,2018,19,2018-05-07,2018-05-13,,,,,,,,,,,,,,,No Report
Italy,European Region of WHO,South West Europe,2018,20,2018-05-14,2018-05-20,,,,,,,,,,,,,,,No Report
Italy,European Region of WHO,South West Europe,2018,21,2018-05-21,2018-05-27,,,,,,,,,,,,,,,No Report
Italy,European Region of WHO,South West Europe,2018,22,2018-05-28,2018-06-03,,,,,,,,,,,,,,,No Report
Italy,European Region of WHO,South West Europe,2018,23,2018-06-04,2018-06-10,,,,,,,,,,,,,,,No Report
Italy,European Region of WHO,South West Europe,2018,24,2018-06-11,2018-06-17,,,,,,,,,,,,,,,No Report
Italy,European Region of WHO,South West Europe,2018,25,2018-06-18,2018-06-24,,,,,,,,,,,,,,,No Report
Italy,European Region of WHO,South West Europe,2018,26,2018-06-25,2018-07-01,,,,,,,,,,,,,,,No Report
Italy,European Region of WHO,South West Europe,2018,27,2018-07-02,2018-07-08,,,,,,,,,,,,,,,No Report
Italy,European Region of WHO,South West Europe,2018,28,2018-07-09,2018-07-15,,,,,,,,,,,,,,,No Report
Italy,European Region of WHO,South West Europe,2018,29,2018-07-16,2018-07-22,,,,,,,,,,,,,,,No Report
Italy,European Region of WHO,South West Europe,2018,30,2018-07-23,2018-07-29,,,,,,,,,,,,,,,No Report
Italy,European Region of WHO,South West Europe,2018,31,2018-07-30,2018-08-05,,,,,,,,,,,,,,,No Report
Italy,European Region of WHO,South West Europe,2018,32,2018-08-06,2018-08-12,,,,,,,,,,,,,,,No Report
Italy,European Region of WHO,South West Europe,2018,33,2018-08-13,2018-08-19,,,,,,,,,,,,,,,No Report
Italy,European Region of WHO,South West Europe,2018,34,2018-08-20,2018-08-26,,,,,,,,,,,,,,,No Report
Italy,European Region of WHO,South West Europe,2018,35,2018-08-27,2018-09-02,,,,,,,,,,,,,,,No Report
Italy,European Region of WHO,South West Europe,2018,36,2018-09-03,2018-09-09,,,,,,,,,,,,,,,No Report
Italy,European Region of WHO,South West Europe,2018,37,2018-09-10,2018-09-16,,,,,,,,,,,,,,,No Report
Italy,European Region of WHO,South West Europe,2018,38,2018-09-17,2018-09-23,,,,,,,,,,,,,,,No Report
Italy,European Region of WHO,South West Europe,2018,39,2018-09-24,2018-09-30,,,,,,,,,,,,,,,No Report
Italy,European Region of WHO,South West Europe,2018,40,2018-10-01,2018-10-07,,,,,,,,,,,,,,,No Report
Italy,European Region of WHO,South West Europe,2018,41,2018-10-08,2018-10-14,,,,,,,,,,,,,,,No Report
Italy,European Region of WHO,South West Europe,2018,42,2018-10-15,2018-10-21,,,,,,,,,,,,,,,No Report
Italy,European Region of WHO,South West Europe,2018,43,2018-10-22,2018-10-28,,,,,,,,,,,,,,,No Report
Italy,European Region of WHO,South West Europe,2018,44,2018-10-29,2018-11-04,,,,,,,,,,,,,,,No Report
Italy,European Region of WHO,South West Europe,2018,45,2018-11-05,2018-11-11,,,,,,,,,,,,,,,No Report
Italy,European Region of WHO,South West Europe,2018,46,2018-11-12,2018-11-18,333,333,0,4,3,,,7,1,,,1,8,325,Sporadic
Italy,European Region of WHO,South West Europe,2018,47,2018-11-19,2018-11-25,392,392,0,6,13,,0,19,,,0,0,19,373,Sporadic
Italy,European Region of WHO,South West Europe,2018,48,2018-11-26,2018-12-02,461,461,0,7,11,,1,19,,,0,0,19,442,Sporadic
Italy,European Region of WHO,South West Europe,2018,49,2018-12-03,2018-12-09,488,488,0,9,9,,,18,,,0,0,18,470,Sporadic
Italy,European Region of WHO,South West Europe,2018,50,2018-12-10,2018-12-16,571,571,0,25,10,,0,35,,,0,0,35,536,Sporadic
Italy,European Region of WHO,South West Europe,2018,51,2018-12-17,2018-12-23,621,621,0,32,22,,1,55,,,0,0,55,566,Sporadic
Italy,European Region of WHO,South West Europe,2018,52,2018-12-24,2018-12-30,490,490,0,58,19,,6,83,,,0,0,83,407,Sporadic
Italy,European Region of WHO,South West Europe,2019,1,2018-12-31,2019-01-06,671,671,,97,41,,3,141,,,0,0,141,530,Local Outbreak
Italy,European Region of WHO,South West Europe,2019,2,2019-01-07,2019-01-13,974,974,,169,81,,15,265,1,1,1,3,268,706,Local Outbreak
Italy,European Region of WHO,South West Europe,2019,3,2019-01-14,2019-01-20,1387,1387,,344,176,,41,561,1,,1,2,563,824,Regional Outbreak
Italy,European Region of WHO,South West Europe,2019,4,2019-01-21,2019-01-27,1613,1613,,455,257,,14,726,,1,,1,727,886,Regional Outbreak
Italy,European Region of WHO,South West Europe,2019,5,2019-01-28,2019-02-03,1770,1770,,454,316,,62,832,,,0,0,832,938,Widespread Outbreak
Italy,European Region of WHO,South West Europe,2019,6,2019-02-04,2019-02-10,1839,1839,,443,391,,84,918,,,0,0,918,921,Widespread Outbreak
Italy,European Region of WHO,South West Europe,2019,7,2019-02-11,2019-02-17,1628,1628,,333,378,,30,741,,,0,0,741,887,Widespread Outbreak
Italy,European Region of WHO,South West Europe,2019,8,2019-02-18,2019-02-24,1524,1524,,238,342,,81,661,,,2,2,663,861,Widespread Outbreak
Italy,European Region of WHO,South West Europe,2019,9,2019-02-25,2019-03-03,1189,1189,,116,297,,54,467,,,0,0,467,722,Widespread Outbreak
Italy,European Region of WHO,South West Europe,2019,10,2019-03-04,2019-03-10,1061,1061,,67,223,0,39,329,0,0,0,0,329,732,Regional Outbreak
Italy,European Region of WHO,South West Europe,2019,11,2019-03-11,2019-03-17,869,869,,37,137,,18,192,,,0,0,192,677,Regional Outbreak
Italy,European Region of WHO,South West Europe,2019,12,2019-03-18,2019-03-24,624,624,,21,101,,17,139,,,0,0,139,485,Regional Outbreak
Italy,European Region of WHO,South West Europe,2019,13,2019-03-25,2019-03-31,454,454,,14,45,,3,62,,,0,0,62,392,Local Outbreak
Italy,European Region of WHO,South West Europe,2019,14,2019-04-01,2019-04-07,409,409,,5,32,,4,41,,,0,0,41,368,Sporadic
Italy,European Region of WHO,South West Europe,2019,15,2019-04-08,2019-04-14,307,307,,6,18,,,24,,,0,0,24,283,Sporadic
Italy,European Region of WHO,South West Europe,2019,16,2019-04-15,2019-04-21,203,200,,2,7,,1,10,,,0,0,10,190,Sporadic
Italy,European Region of WHO,South West Europe,2019,17,2019-04-22,2019-04-28,84,82,,2,2,,,4,,,0,0,4,78,Sporadic
Italy,European Region of WHO,South West Europe,2019,18,2019-04-29,2019-05-05,,,,,,,,,,,,,,,No Report
Italy,European Region of WHO,South West Europe,2019,19,2019-05-06,2019-05-12,,,,,,,,,,,,,,,No Report
Italy,European Region of WHO,South West Europe,2019,20,2019-05-13,2019-05-19,,,,,,,,,,,,,,,No Report
Italy,European Region of WHO,South West Europe,2019,21,2019-05-20,2019-05-26,,,,,,,,,,,,,,,No Report
Italy,European Region of WHO,South West Europe,2019,22,2019-05-27,2019-06-02,,,,,,,,,,,,,,,No Report
Italy,European Region of WHO,South West Europe,2019,23,2019-06-03,2019-06-09,,,,,,,,,,,,,,,No Report
Italy,European Region of WHO,South West Europe,2019,24,2019-06-10,2019-06-16,,,,,,,,,,,,,,,No Report
Italy,European Region of WHO,South West Europe,2019,25,2019-06-17,2019-06-23,,,,,,,,,,,,,,,No Report
Italy,European Region of WHO,South West Europe,2019,26,2019-06-24,2019-06-30,,,,,,,,,,,,,,,No Report
Italy,European Region of WHO,South West Europe,2019,27,2019-07-01,2019-07-07,,,,,,,,,,,,,,,No Report
Italy,European Region of WHO,South West Europe,2019,28,2019-07-08,2019-07-14,,,,,,,,,,,,,,,No Report
Italy,European Region of WHO,South West Europe,2019,29,2019-07-15,2019-07-21,,,,,,,,,,,,,,,No Report
Italy,European Region of WHO,South West Europe,2019,30,2019-07-22,2019-07-28,,,,,,,,,,,,,,,No Report
Italy,European Region of WHO,South West Europe,2019,31,2019-07-29,2019-08-04,,,,,,,,,,,,,,,No Report
Italy,European Region of WHO,South West Europe,2019,32,2019-08-05,2019-08-11,,,,,,,,,,,,,,,No Report
Italy,European Region of WHO,South West Europe,2019,33,2019-08-12,2019-08-18,,,,,,,,,,,,,,,No Report
Italy,European Region of WHO,South West Europe,2019,34,2019-08-19,2019-08-25,,,,,,,,,,,,,,,No Report
Italy,European Region of WHO,South West Europe,2019,35,2019-08-26,2019-09-01,,,,,,,,,,,,,,,No Report
Italy,European Region of WHO,South West Europe,2019,36,2019-09-02,2019-09-08,,,,,,,,,,,,,,,No Report
Italy,European Region of WHO,South West Europe,2019,37,2019-09-09,2019-09-15,,,,,,,,,,,,,,,No Report
Italy,European Region of WHO,South West Europe,2019,38,2019-09-16,2019-09-22,,,,,,,,,,,,,,,No Report
Italy,European Region of WHO,South West Europe,2019,39,2019-09-23,2019-09-29,,,,,,,,,,,,,,,No Report
Italy,European Region of WHO,South West Europe,2019,40,2019-09-30,2019-10-06,,,,,,,,,,,,,,,No Report
Italy,European Region of WHO,South West Europe,2019,41,2019-10-07,2019-10-13,,,,,,,,,,,,,,,No Report
Italy,European Region of WHO,South West Europe,2019,42,2019-10-14,2019-10-20,,,,,,,,,,,,,,,No Report
Italy,European Region of WHO,South West Europe,2019,43,2019-10-21,2019-10-27,,,,,,,,,,,,,,,No Report
Italy,European Region of WHO,South West Europe,2019,44,2019-10-28,2019-11-03,,,,,,,,,,,,,,,No Report
Italy,European Region of WHO,South West Europe,2019,45,2019-11-04,2019-11-10,,,,,,,,,,,,,,,No Report
Italy,European Region of WHO,South West Europe,2019,46,2019-11-11,2019-11-17,463,463,,1,2,,,3,,,0,0,3,460,Sporadic
Italy,European Region of WHO,South West Europe,2019,47,2019-11-18,2019-11-24,537,537,,2,1,,,3,,1,,1,4,533,Sporadic
Italy,European Region of WHO,South West Europe,2019,48,2019-11-25,2019-12-01,560,560,,6,9,,,15,,3,,3,18,542,Sporadic
Italy,European Region of WHO,South West Europe,2019,49,2019-12-02,2019-12-08,642,642,,3,22,,1,26,,1,,1,27,615,Sporadic
Italy,European Region of WHO,South West Europe,2019,50,2019-12-09,2019-12-15,624,624,,11,27,,0,38,,6,1,7,45,579,Sporadic
Italy,European Region of WHO,South West Europe,2019,51,2019-12-16,2019-12-22,765,765,,7,42,,5,54,,6,15,21,75,690,Local Outbreak
Italy,European Region of WHO,South West Europe,2019,52,2019-12-23,2019-12-29,594,594,,11,31,,,46,,5,17,22,68,526,Local Outbreak
Italy,European Region of WHO,South West Europe,2020,1,2019-12-30,2020-01-05,761,761,,25,30,,5,60,,3,22,25,85,676,Local Outbreak
Italy,European Region of WHO,South West Europe,2020,2,2020-01-06,2020-01-12,932,932,,55,70,,3,128,,10,40,50,178,754,Regional Outbreak
Italy,European Region of WHO,South West Europe,2020,3,2020-01-13,2020-01-19,1372,12372,,131,166,,12,309,,40,105,145,454,918,Regional Outbreak
Italy,European Region of WHO,South West Europe,2020,4,2020-01-20,2020-01-26,1240,1240,,116,147,,19,282,,39,98,137,419,821,Regional Outbreak
Italy,European Region of WHO,South West Europe,2020,5,2020-01-27,2020-02-02,1581,1581,,148,191,,20,359,1,47,137,185,544,1037,Widespread Outbreak
Italy,European Region of WHO,South West Europe,2020,6,2020-02-03,2020-02-09,1519,1519,,125,179,,24,328,2,69,115,186,514,1005,Widespread Outbreak
Italy,European Region of WHO,South West Europe,2020,7,2020-02-10,2020-02-16,1303,1303,,118,193,,32,343,,61,143,204,547,756,Widespread Outbreak
Italy,European Region of WHO,South West Europe,2020,8,2020-02-17,2020-02-23,1139,1139,,86,143,,60,289,,30,124,154,443,696,Widespread Outbreak
Italy,European Region of WHO,South West Europe,2020,9,2020-02-24,2020-03-01,817,817,,57,117,,13,187,,18,73,91,278,539,Widespread Outbreak
Italy,European Region of WHO,South West Europe,2020,10,2020-03-02,2020-03-08,498,498,,23,45,,9,77,,3,31,34,111,387,Regional Outbreak
Italy,European Region of WHO,South West Europe,2020,11,2020-03-09,2020-03-15,239,228,,6,5,,2,13,,6,6,12,25,203,Regional Outbreak
Italy,European Region of WHO,South West Europe,2020,12,2020-03-16,2020-03-22,172,172,,,,,,0,,,0,0,0,89,Local Outbreak
Italy,European Region of WHO,South West Europe,2020,13,2020-03-23,2020-03-29,98,98,,,,,,0,,,0,0,0,,Local Outbreak
Italy,European Region of WHO,South West Europe,2020,14,2020-03-30,2020-04-05,68,52,,1,,,,1,,,0,0,1,38,Sporadic
Italy,European Region of WHO,South West Europe,2020,15,2020-04-06,2020-04-12,82,68,,,,,,0,,,0,0,0,,Sporadic
Italy,European Region of WHO,South West Europe,2020,16,2020-04-13,2020-04-19,,,,,,,,,,,,,,,No Report
Italy,European Region of WHO,South West Europe,2020,17,2020-04-20,2020-04-26,,,,,,,,,,,,,,,No Report
Italy,European Region of WHO,South West Europe,2020,18,2020-04-27,2020-05-03,,,,,,,,,,,,,,,No Report

